{
  "electron": {
    "xgboost": {
      "rmse": [
        107968.49561441169,
        122856.91596772532,
        105958.55802504135,
        81640.27179222304,
        13515.980825017192,
        72761.70952940283,
        81600.77579003324,
        52151.579721709924,
        48510.08166369684,
        594597.3645676513,
        126070.1371690503,
        123635.17466435477,
        72101.65960920844,
        23246.042646461596,
        27322.393763471693,
        17714.55558633815,
        42103.22192192767,
        82545.18797188865,
        28385.080539775427,
        86307.20887669698
      ],
      "r2": [
        -0.690526171242833,
        -11.681023054791876,
        -0.061346364495285854,
        -681.5992817742605,
        0.8254693917127017,
        -87.27637266819015,
        0.07646427106134646,
        -0.32485755108543657,
        -0.13663432735693037,
        -0.10995346156802333,
        0.04459829929833459,
        0.053425433884743634,
        -30.644831856571415,
        -0.5186058477459088,
        0.2505455703527313,
        0.2580519290296356,
        -8.950109076417938,
        -503.55692423031473,
        -22.624387252155117,
        -836.9672830361741
      ]
    },
    "random_forest": {
      "rmse": [
        101739.84306471441,
        121261.26664251207,
        106521.29880201395,
        87895.34976203881,
        13217.6459314799,
        76527.88614415516,
        81693.60098046156,
        53498.12971445857,
        48392.59326154648,
        594795.9346170329,
        126147.08206680133,
        124142.65704212147,
        76867.15136975852,
        23392.206714555246,
        27288.697135459257,
        17664.508193722515,
        41890.42959079671,
        77897.53223412659,
        27045.96329560922,
        76924.92303766361
      ],
      "r2": [
        -0.5011010371013067,
        -11.353763259234332,
        -0.07264981947020588,
        -790.2044852551808,
        0.8330891009718995,
        -96.65132169763585,
        0.0743619346855986,
        -0.39415624315732667,
        -0.1311352792435958,
        -0.11069493917783824,
        0.043431715019870754,
        0.04563872117356582,
        -34.966141076785796,
        -0.5377629523032412,
        0.2523930303118277,
        0.26223832958854243,
        -8.849786283631474,
        -448.3389312969183,
        -20.447920932614466,
        -664.6823765745406
      ]
    }
  },
  "hole": {
    "xgboost": {
      "rmse": [
        41466.786353027244,
        85525.77287506897,
        61385.746880075414,
        50050.82146339099,
        23623.235556259588,
        29939.17206974163,
        53105.05899526041,
        32700.243558912392,
        37834.15872217199,
        556607.7751330596,
        37274.26446862083,
        32859.38175208848,
        47133.516699918626,
        157139.67291831592,
        39718.68930293743,
        25948.74622660342,
        21916.972343503945,
        64522.845685347726,
        37000.17884786622,
        52525.6930079162
      ],
      "r2": [
        -113.77118412942167,
        -2.002109375673092,
        0.21190022738339664,
        -361.6379622971209,
        -4.810234817323115,
        -1.8239854862316855,
        -0.24348453236163015,
        -27.686434938401526,
        0.18463820521541086,
        -0.17662001908708147,
        0.041693863406925824,
        -179.7712463962667,
        -5.498851600313646,
        -0.1515672411925828,
        0.3325102021124693,
        -5.161130685916164,
        -3.451660022461052,
        -0.1572217100884965,
        -9118.534639757172,
        -1692.9982588303956
      ]
    },
    "random_forest": {
      "rmse": [
        37511.1666754418,
        83276.88925553432,
        61781.238579287856,
        53852.347552450155,
        22506.29372500874,
        29046.236993499748,
        51759.06318177066,
        31678.506733710947,
        37826.5492694002,
        556842.8980899252,
        36039.660160269945,
        31100.360297335475,
        48733.57442407087,
        157042.88888243667,
        40107.71209107609,
        22247.925581019295,
        22185.921498275748,
        63492.87991076224,
        37993.23264214491,
        48356.734648336984
      ],
      "r2": [
        -92.91895414787274,
        -1.8463053164081553,
        0.20171248865886227,
        -418.81710177031914,
        -4.273790680729891,
        -1.658046907293517,
        -0.18124888218674617,
        -25.92179464159338,
        0.1849661539970634,
        -0.1776142876613187,
        0.10412487348546406,
        -160.9352578932552,
        -5.947578528067544,
        -0.1501491524252927,
        0.31937077564607064,
        -3.529045770237804,
        -3.5615854443065773,
        -0.12057156804474922,
        -9614.625146164033,
        -1434.764831429565
      ]
    }
  },
  "n_samples": 218,
  "n_features": 30,
  "description": "Production model using proven feature engineering"
}