{
  "feature_names": [
    "bandgap",
    "effective_mass_e",
    "effective_mass_h",
    "log_mass_ratio",
    "mass_sum",
    "mass_diff",
    "large_bandgap_flag",
    "insulator_flag",
    "n_atoms",
    "n_elements",
    "material_complexity",
    "is_experimental",
    "is_dft_calculated",
    "log_n_sources",
    "region_semimetal",
    "region_narrow_gap",
    "region_direct_gap",
    "region_wide_gap",
    "region_insulator"
  ],
  "n_samples": 218,
  "n_features": 19,
  "electron_mobility_results": {
    "xgb": {
      "rmse_mean": 118143.79977325494,
      "rmse_std": 109970.35418785996,
      "r2_mean": -50.29124222610649,
      "r2_std": 137.6078687496593
    },
    "rf": {
      "rmse_mean": 111937.2020497045,
      "rmse_std": 110041.88701302138,
      "r2_mean": -39.067127217478586,
      "r2_std": 104.84812457573099
    },
    "gb": {
      "rmse_mean": 118466.2864035182,
      "rmse_std": 109358.27159169066,
      "r2_mean": -48.6186033301108,
      "r2_std": 131.20822491984458
    },
    "ensemble": {
      "rmse_mean": 115489.52690572524,
      "rmse_std": 109960.34013321222,
      "r2_mean": -45.59598370858298,
      "r2_std": 124.10453697160419
    }
  },
  "hole_mobility_results": {
    "xgb": {
      "rmse_mean": 93504.0219276476,
      "rmse_std": 103525.67491733302,
      "r2_mean": -477.1273233365306,
      "r2_std": 1426.922299344978
    },
    "rf": {
      "rmse_mean": 90141.03220966503,
      "rmse_std": 104435.43943386324,
      "r2_mean": -367.17908941490197,
      "r2_std": 1098.2271766535969
    },
    "gb": {
      "rmse_mean": 93490.87272725419,
      "rmse_std": 103348.2972955999,
      "r2_mean": -468.5248423291035,
      "r2_std": 1400.7805501016605
    },
    "ensemble": {
      "rmse_mean": 92213.89755427367,
      "rmse_std": 103785.69807305737,
      "r2_mean": -435.47628196245523,
      "r2_std": 1302.3242029541343
    }
  }
}