{
  "feature_names": [
    "EN",
    "DP",
    "ES",
    "EP",
    "ED",
    "SG",
    "Rnum",
    "Mnum",
    "Thickness",
    "AtomLayers",
    "Spacing",
    "LogMassRatio",
    "MassSum",
    "MassDiff",
    "Bandgap"
  ],
  "n_samples": 218,
  "n_features": 15,
  "electron_mobility_results": {
    "xgb": {
      "rmse_mean": 78503.29920765811,
      "rmse_std": 122395.3571846152,
      "r2_mean": -15.018585640175768,
      "r2_std": 32.41463406427428
    },
    "rf": {
      "rmse_mean": 77797.35947675594,
      "rmse_std": 122646.62158376092,
      "r2_mean": -12.59069401396611,
      "r2_std": 26.768165442423232
    },
    "gb": {
      "rmse_mean": 77759.90107713967,
      "rmse_std": 122813.60373062635,
      "r2_mean": -12.65846939186242,
      "r2_std": 26.683186648830958
    },
    "ensemble": {
      "rmse_mean": 77990.35700379622,
      "rmse_std": 122628.42672031511,
      "r2_mean": -13.253172918063745,
      "r2_std": 28.13927496474532
    }
  },
  "hole_mobility_results": {
    "xgb": {
      "rmse_mean": 66947.9514592736,
      "rmse_std": 116216.61111035722,
      "r2_mean": -264.5809443544283,
      "r2_std": 998.5217141079955
    },
    "rf": {
      "rmse_mean": 66083.61702373382,
      "rmse_std": 116434.6083244436,
      "r2_mean": -240.78708496223126,
      "r2_std": 922.1974345502359
    },
    "gb": {
      "rmse_mean": 66318.8203244697,
      "rmse_std": 116400.07218886394,
      "r2_mean": -234.61304517523678,
      "r2_std": 893.3281507935333
    },
    "ensemble": {
      "rmse_mean": 66428.7923937527,
      "rmse_std": 116356.82544701084,
      "r2_mean": -245.9870652333766,
      "r2_std": 937.3313915742064
    }
  },
  "note": "Improved model using expert knowledge features + enhanced dataset"
}